,total,equity,fixed_income,cash
total_value in %,0.032952026199544453883641551,0,0.083889141795665634674922601,0
weight,1,0.02271300275828317197523031540,0.4121744684229675252971045920,0.5651125288187493027276650926
